Workbook

Sheet ABSENSI
A1: NO | B1: NRP | C1: NAMA | D1: JABATAN | E1: KETERANGAN | F1: HARI KE- | G1: DEPARTEMEN | H1: 46235
H2: =H3 -> 46235 | I2: =I3 -> 46236 | J2: =J3 -> 46237 | K2: =K3 -> 46238 | L2: =L3 -> 46239 | M2: =M3 -> 46240 | N2: =N3 -> 46241 | O2: =O3 -> 46242 | ... AL2: =AL3 -> 46265
H3: 46235 | I3: =H3+1 -> 46236 | J3: =I3+1 -> 46237 | K3: =J3+1 -> 46238 | L3: =K3+1 -> 46239 | M3: =L3+1 -> 46240 | N3: =M3+1 -> 46241 | O3: =N3+1 -> 46242 | P3: =O3+1 -> 46243 | ... AL3: =AK3+1 -> 46265
A4: 1 | B4: 102111001 | C4: IZAH | D4: ADMIN | E4: PENGADAAN GENERAL PR TO PO HAULING | F4: =MOD(14-(MATCH("OFF",H4:AL4,0)-1)-1,14)+1 -> 8 | G4: LOGISTIK | H4: D | I4: D | J4: D | K4: D | L4: D | M4: D | N4: OFF | O4: D | P4: D | Q4: D | R4: D | S4: D | T4: D | U4: D | V4: D | W4: D | X4: L | Y4: D | Z4: D | AA4: D | AB4: OFF | AC4: D | AD4: D | AE4: D | AF4: D | AG4: D | AH4: D | AI4: D | AJ4: D | AK4: D | AL4: D
A5: =A4+1 -> 2 | B5: 10151021 | C5: YOKO | D5: FUELMAN | E5: REFUELING | F5: =MOD(14-(MATCH("OFF",H5:AL5,0)-1)-1,14)+1 -> 14 | G5: LOGISTIK | H5: OFF | I5: D | J5: D | K5: D | L5: D | M5: D | N5: D | O5: D | P5: C | Q5: C | R5: C | S5: C | T5: C | U5: C | V5: C | W5: C | X5: C | Y5: C | Z5: C | AA5: C | AB5: C | AC5: C | AD5: C | AE5: C | AF5: C | AG5: CTN | AH5: CTN | AI5: CTN | AJ5: D | AK5: D | AL5: D
A6: =A5+1 -> 3 | B6: 102311001 | C6: RISWANDI | D6: FIELD SUPPORT | E6: STOCK TAKER | F6: =MOD(14-(MATCH("OFF",H6:AL6,0)-1)-1,14)+1 -> 8 | G6: LOGISTIK | H6: D | I6: D | J6: D | K6: D | L6: D | M6: D | N6: OFF | O6: D | P6: D | Q6: D | R6: D | S6: D | T6: D | U6: D | V6: D | W6: D | X6: L | Y6: D | Z6: D | AA6: D | AB6: OFF | AC6: D | AD6: D | AE6: D | AF6: D | AG6: D | AH6: D | AI6: D | AJ6: D | AK6: D | AL6: D
A7: =A6+1 -> 4 | B7: 202311002 | C7: MADRI YANI | D7: FUELMAN | E7: REFUELING | F7: =MOD(14-(MATCH("OFF",H7:AL7,0)-1)-1,14)+1 -> 10 | G7: LOGISTIK | H7: N | I7: N | J7: N | K7: N | L7: OFF | M7: D | N7: D | O7: D | P7: D | Q7: D | R7: D | S7: D | T7: D | U7: N | V7: N | W7: N | X7: L | Y7: N | Z7: OFF | AA7: D | AB7: D | AC7: D | AD7: D | AE7: D | AF7: D | AG7: D | AH7: D | AI7: D | AJ7: D | AK7: N | AL7: N
A8: =A7+1 -> 5 | B8: 102401001 | C8: TAUFIK KURAHMAN | D8: FUELMAN | E8: REFUELING | F8: =MOD(14-(MATCH("OFF",H8:AL8,0)-1)-1,14)+1 -> 12 | G8: LOGISTIK | H8: N | I8: N | J8: OFF | K8: D | L8: D | M8: D | N8: D | O8: D | P8: D | Q8: D | R8: D | S8: D | T8: N | U8: N | V8: N | W8: N | X8: OFF | Y8: I | Z8: I | AA8: C | AB8: C | AC8: C | AD8: C | AE8: C | AF8: C | AG8: C | AH8: C | AI8: C | AJ8: C | AK8: C | AL8: C

Sheet SPL
C1: No. | D1: NRP | E1: NAMA | F1: TANGGAL | G1: SHIFT (1/2) | H1: AWAL SHIFT | K1: REST TIME | N1: AKHIR SHIFT | Q1: TOTAL | R1: KETERANGAN SPL
H2: START | I2: END | J2: JUMLAH | K2: START | L2: END | M2: JUMLAH | N2: START | O2: END | P2: JUMLAH
A3: =D3&F3 -> 10231100146240 | C3: 1 | D3: =_xlfn.XLOOKUP(E3,ABSENSI!$C:$C,ABSENSI!$B:$B,0,0) -> 102311001 | E3: Riswandi | F3: 46240 | G3: 1 | N3: 0.75 | O3: 0.79166667 | P3: 0.041666667 | Q3: 0.041666667 | R3: Proses nerci dan part service
A4: =D4&F4 -> 10231100146245 | C4: 2 | D4: =_xlfn.XLOOKUP(E4,ABSENSI!$C:$C,ABSENSI!$B:$B,0,0) -> 102311001 | E4: Riswandi | F4: 46245 | G4: 1 | N4: 0.75 | O4: 0.8125 | P4: 0.0625 | Q4: 0.0625 | R4: Siapakan 2x OHV
A5: =D5&F5 -> 10211100146247 | C5: 3 | D5: =_xlfn.XLOOKUP(E5,ABSENSI!$C:$C,ABSENSI!$B:$B,0,0) -> 102111001 | E5: Izah | F5: 46247 | G5: 1 | N5: 0.6875 | O5: 0.75 | P5: =O5-N5 -> 0.0625 | Q5: =P5 -> 0.0625 | R5: Mengerjakan WS part unschedule GA
A6: =D6&F6 -> 20231100246255 | C6: 4 | D6: =_xlfn.XLOOKUP(E6,ABSENSI!$C:$C,ABSENSI!$B:$B,0,0) -> 202311002 | E6: Madri Yani | F6: 46255 | G6: 1 | N6: 0.45833333 | O6: 0.47916667 | P6: 0.020833333 | Q6: 0.020833333 | R6: Big digger Jum'at
A7: =D7&F7 -> 10211100146248 | C7: 5 | D7: =_xlfn.XLOOKUP(E7,ABSENSI!$C:$C,ABSENSI!$B:$B,0,0) -> 102111001 | E7: Izah | F7: 46248 | G7: 1 | N7: 0.6875 | O7: 0.75 | P7: 0.0625 | Q7: 0.0625 | R7: Mengerjakan WS part unschedule GA
A8: =D8&F8 -> 10211100146249 | C8: 6 | D8: =_xlfn.XLOOKUP(E8,ABSENSI!$C:$C,ABSENSI!$B:$B,0,0) -> 102111001 | E8: Izah | F8: 46249 | G8: 1 | N8: 0.6875 | O8: 0.72916667 | P8: 0.041666667 | Q8: 0.041666667 | R8: Mengerjakan WS part unschedule GA
A9: =D9&F9 -> 10211100146250 | C9: 7 | D9: =_xlfn.XLOOKUP(E9,ABSENSI!$C:$C,ABSENSI!$B:$B,0,0) -> 102111001 | E9: Izah | F9: 46250 | G9: 1 | N9: 0.6875 | O9: 0.75 | P9: 0.0625 | Q9: 0.0625 | R9: Drafting WS material WT 033
A10: =D10&F10 -> 10211100146252 | C10: 8 | D10: =_xlfn.XLOOKUP(E10,ABSENSI!$C:$C,ABSENSI!$B:$B,0,0) -> 102111001 | E10: Izah | F10: 46252 | G10: 1 | N10: 0.6875 | O10: 0.77083333 | P10: 0.083333333 | Q10: 0.083333333 | R10: Mengerjakan WS kalibrasi Tools dan packing Do
A11: =D11&F11 -> 10211100146258 | C11: 9 | D11: =_xlfn.XLOOKUP(E11,ABSENSI!$C:$C,ABSENSI!$B:$B,0,0) -> 102111001 | E11: Izah | F11: 46258 | G11: 1 | N11: 0.6875 | O11: 0.77083333 | P11: 0.083333333 | Q11: 0.083333333 | R11: Membuat PO general creat Ws general
A12: =D12&F12 -> 10231100146236 | C12: 9 | D12: =_xlfn.XLOOKUP(E12,ABSENSI!$C:$C,ABSENSI!$B:$B,0,0) -> 102311001 | E12: Riswandi | F12: 46236 | G12: 1 | N12: 0.75 | O12: 0.79166667 | P12: 0.041666667 | Q12: 0.041666667 | R12: Proses nerci dan part service
A13: =D13&F13

Sheet DATA FINGER
A1: NRP | B1: Nama | C1: Tanggal | D1: Jam | E1: IP Device | F1: Lokasi | G1: Jenis Presensi | H1: Status | I1: Kode
A2: 10151021 | B2: YOKO | C2: 46236 | D2: 06:02:54 | E2: 10.104.8.27 | F2: WHS LOGISTIK TUHUP | G2: 1 (Clock In) | H2: Clock - In | I2: P10
A3: 10151021 | B3: YOKO | C3: 46236 | D3: 17:35:14 | E3: 10.104.8.27 | F3: WHS LOGISTIK TUHUP | G3: 2 (Clock Out) | H3: Clock - Out | I3: P20
A4: 10151021 | B4: YOKO | C4: 46237 | D4: 06:05:14 | E4: 10.104.8.27 | F4: WHS LOGISTIK TUHUP | G4: 1 (Clock In) | H4: Clock - In | I4: P10
A5: 10151021 | B5: YOKO | C5: 46238 | D5: 05:56:46 | E5: 10.104.8.27 | F5: WHS LOGISTIK TUHUP | G5: 1 (Clock In) | H5: Clock - In | I5: P10
A6: 10151021 | B6: YOKO | C6: 46238 | D6: 17:40:12 | E6: 10.104.8.27 | F6: WHS LOGISTIK TUHUP | G6: 2 (Clock Out) | H6: Clock - Out | I6: P20
A7: 10151021 | B7: YOKO | C7: 46239 | D7: 17:42:19 | E7: 10.104.8.27 | F7: WHS LOGISTIK TUHUP | G7: 2 (Clock Out) | H7: Clock - Out | I7: P20
A8: 10151021 | B8: YOKO | C8: 46240 | D8: 17:32:02 | E8: 10.104.8.27 | F8: WHS LOGISTIK TUHUP | G8: 2 (Clock Out) | H8: Clock - Out | I8: P20
A9: 10151021 | B9: YOKO | C9: 46241 | D9: 06:00:42 | E9: 10.104.8.27 | F9: WHS LOGISTIK TUHUP | G9: 1 (Clock In) | H9: Clock - In | I9: P10
A10: 10151021 | B10: YOKO | C10: 46241 | D10: 17:45:27 | E10: 10.104.8.27 | F10: WHS LOGISTIK TUHUP | G10: 2 (Clock Out) | H10: Clock - Out | I10: P20
A11: 10151021 | B11: YOKO | C11: 46263 | D11: 05:57:10 | E11: 10.104.8.27 | F11: WHS LOGISTIK TUHUP | G11: 1 (Clock In) | H11: Clock - In | I11: P10
A12: 10151021 | B12: YOKO | C12: 46264 | D12: 05:50:41 | E12: 10.104.8.27 | F12: WHS LOGISTIK TUHUP | G12: 1 (Clock In) | H12: Clock - In | I12: P10
A13: 10151021 | B13: YOKO | C13: 46264 | D13: 17:26:39 | E13: 10.104.8.27 | F13: WHS LOGISTIK TUHUP | G13: 2 (Clock Out) | H13: Clock - Out | I13: P20
... A16: 10151021 | B16: YOKO | C16: 46266 | D16: 05:49:44 | E16: 10.104.5.13 | F16: MAIN OFFICE HAJU - 2 | G16: 1 (Clock In) | H16: Clock - In | I16: P10
A17: 1021040024 | B17: 0 | C17: 46235 | D17: 06:01:09 | E17: 10.104.3.69 | F17: CSA ROM CAMP MINING | G17: 2 (Clock Out) | H17: Clock - Out | I17: P20
A18: 1021040024 | B18: 0 | C18: 46235 | D18: 17:27:51 | E18: 10.104.3.69 | F18: CSA ROM CAMP MINING | G18: 1 (Clock In) | H18: Clock - In | I18: P10
A19: 1021040024 | B19: 0 | C19: 46236 | D19: 06:00:34 | E19: 10.104.3.69 | F19: CSA ROM CAMP MINING | G19: 2 (Clock Out) | H19: Clock - Out | I19: P20
A20: 1021040024 | B20: 0 | C20: 46237 | D20: 05:28:00 | E20: 10.104.3.69 | F20: CSA ROM CAMP MINING | G20: 1 (Clock In) | H20: Clock - In | I20: P10
A21: 1021040024 | B21: 0 | C21: 46237 | D21: 18:00:09 | E21: 10.104.3.69 | F21: CSA ROM CAMP MINING | G21: 2 (Clock Out) | H21: Clock - Out | I21: P20
A22: 1021040024 | B22: 0 | C22: 46238 | D22: 05:30:15 | E22: 10.104.3.69 | F22: CSA ROM CAMP MINING | G22: 1 (Clock In) | H22: Clock - In | I22: P10
A23: 1021040024 | B23: 0 | C23: 46238 | D23: 18:00:52 | E23: 10.104.3.69 | F23: CSA ROM CAMP MINING | G23: 2 (Clock Out) | H23: Clock - Out | I23: P20
A24: 1021040024 | B24: 0 | C24: 46239 | D24: 05:26:48 | E24: 10.104.3.69 | F24: CSA ROM CAMP MINING | G24: 1 (Clock In) | H24: Clock - In | I24: P10
A25: 1021040024 | B25: 0 | C25: 46239 | D25: 18:00:05 | E25: 10.104.3.69 | F25: CSA ROM CAMP MINING | G25: 2 (Clock Out) | H25: Clock - Out | I25: P20
A26: 1021040024 | B26: 0 | C26: 46240 | D26: 05:27:07 | E26: 10.104.3.69 | F26: CSA ROM CAMP MINING | G26: 1 (Clock In) | H26: Clock - In | I26: P10
A27: 1021040024 | B27: 0 | C27: 46240 | D27: 18:00:12 | E27: 10.104.3.69 | F27: CSA ROM CAMP MINING | G27: 2 (Clock Out) | H27: Clock - Out | I27: P20
A28: 1021040024 | B28: 0 | C28: 46241 | D28: 05:29:16 | E28: 10.104.3.69 | F28: CSA ROM CAMP MINING | G28: 1 (Clock In) | H28: Clock - In | I28: P10
... A66: 1021040024 | B66: 0 | C66: 46266 | D66: 05:28:21 | E66: 10.104.3.69 | F66: CSA ROM CAMP MINING | G66: 1 (Clock In) | H66: Clock - In | I66: P10
A67: 102111001 | B67: IZAH | C67: 46235 | D67: 06:28:03 | E67: 10.104.5.14 | F67: MAIN OFFICE HAJU - 3 | G67: 1 (Clock In) | H67: Clock - In | I67: P10
A68: 102111001 | B68: IZAH | C68: 46235 | D68: 17:06:42 | E68: 10.104.5.13 | F68: MAIN OFFICE HAJU - 2 | G68: 2 (Clock Out) | H68: Clock - Out | I68: P20
A69: 102111001 | B69: IZAH | C69: 46236 | D69: 06:24:07 | E69: 10.104.5.14 | F69: MAIN OFFICE HAJU - 3 | G69: 1 (Clock In) | H69: Clock - In | I69: P10
A70: 102111001 | B70: IZAH | C70: 46236 | D70: 17:06:51 | E70: 10.104.5.13 | F70: MAIN OFFICE HAJU - 2 | G70: 2 (Clock Out) | H70: Clock - Out | I70: P20
A71: 102111001 | B71: IZAH | C71: 46237 | D71: 06:28:17 | E71: 10.104.5.14 | F71: MAIN OFFICE HAJU - 3 | G71: 1 (Clock In) | H71: Clock - In | I71: P10
A72: 102111001 | B72: IZAH | C72: 46237 | D72: 17:16:06 | E72: 10.104.5.13 | F72: MAIN OFFICE HAJU - 2 | G72: 2 (Clock Out) | H72: Clock - Out | I72: P20
A73: 102111001 | B73: IZAH | C73: 46238 | D73: 06:32:17 | E73: 10.104.5.13 | F73: MAIN OFFICE HAJU - 2 | G73: 1 (Clock In) | H73: Clock - In | I73: P10
A74: 102111001 | B74: IZAH | C74: 46238 | D74: 17:03:05 | E74: 10.104.5.13 | F74: MAIN OFFICE HAJU - 2 | G74: 2 (Clock Out) | H74: Clock - Out | I74: P20
A75: 102111001 | B75: IZAH | C75: 46239 | D75: 06:27:37 | E75: 10.104.5.14 | F75: MAIN OFFICE HAJU - 3 | G75: 1 (Clock In) | H75: Clock - In | I75: P10
A76: 102111001 | B76: IZAH | C76: 46239 | D76: 17:07:57 | E76: 10.104.5.13 | F76: MAIN OFFICE HAJU - 2 | G76: 2 (Clock Out) | H76: Clock - Out | I76: P20
A77: 102111001 | B77: IZAH | C77: 46240 | D77: 06:24:17 | E77: 10.104.5.14 | F77: MAIN OFFICE HAJU - 3 | G77: 1 (Clock In) | H77: Clock - In | I77: P10
A78: 102111001 | B78: IZAH | C78: 46240 | D78: 17:04:53 | E78: 10.104.5.13 | F78: MAIN OFFICE HAJU - 2 | G78: 2 (Clock Out) | H78: Clock - Out | I78: P20
... A260: 202311002 | B260: MADRI YANI | C260: 46265 | D260: 17:55:48 | E260: 10.104.1.13 | F260: WHS LOGISTIK MIA | G260: 1 (Clock In) | H260: Clock - In | I260: P10
